{"scenes":[{"name":"Demo","cubes":[]},{"name":"HouseCPY","cubes":[{"locationX":4.088223457336426,"locationY":0.9089856743812561,"locationZ":4.570500373840332,"rotation":0.0}]}]}