{
    "scenes": [
        {
            "name": "DemoCPY",
            "cubes": [
                {
                    "locationX": -83.02989196777344,
                    "locationY": 5.71747350692749,
                    "locationZ": 41.255638122558597,
                    "rotation": 0.0
                }
            ]
        },
        {
            "name": "HouseCPY",
            "cubes": [
                {
                    "locationX": 4.088223457336426,
                    "locationY": 0.9089856743812561,
                    "locationZ": 4.570500373840332,
                    "rotation": 0.0
                }
            ]
        }
    ]
}